﻿Designator,Footprint,Quantity,Value,LCSC Part #
"C10, C11, C12, C13, C14, C15, C303",0805,7,10µF,C15850
"C301, C315, C318",0402,3,100nF,C307331
"C311_2, C311",0402,2,1µF,C52923
D1,0603,1,RED LED,C965799
EN,SW_Push_SPST_NO_Alps_SKRK,1,SW_Push,C262416
J301,USB_C_7082A,1,USB_C_Receptacle_USB2.0,C3001289
J302,microSD_SMD,1,Micro_SD_Card,C5155564
R2,0402,1,2K(1%),C60488
R21,0402,1,12K(1%),C114760
R23,0402,1,470R(1%),C25099
"R302, R303",0402,2,5k1,C25905
"R305, R306",0402,2,27R,C321419
U1,ESP32-WROOM-32,1,ESP32-WROOM-32,C82899 
U301,SOT-23-6,1,USBLC6-2SC6,C2687116
