"Id";"Designator";"Footprint";"Quantity";"Designation";"Supplier and ref";
1;"R2";"R_0402_1005Metric";1;"2K(1%)";;;
2;"D1";"LED_0603_1608Metric";1;"RED LED";;;
3;"U1";"ESP32-WROOM-32";1;"ESP32-WROOM-32";;;
4;"D521,D516,D508,D535,D524,D541,D534,D522,D513,D408,D523,D547,D561,D552,D553,D555,D500,D510,D507,D546,D519,D549,D560,D559,D543,D502,D509,D531,D501,D545,D532,D533,D512,D527,D518,D557,D517,D528,D556,D548,D529,D540,D504,D542,D503,D558,D539,D511,D551,D550,D537,D554,D526,D520,D525,D505,D506,D515,D514,D530,D538,D544,D536,D562";"Straw_Hat_RGB_right";64;"LED_BARG";;;
5;"R303,R302";"R_0402_1005Metric";2;"5k1";;;
6;"U301";"SOT-23-6";1;"USBLC6-2SC6";;;
7;"U201";"slot";1;"~";;;
8;"R305,R306";"R_0402_1005Metric";2;"27R";;;
9;"J2";"JST_EH_B2B-EH-A_1x02_P2.50mm_Vertical";1;"Conn_01x02_Male";;;
10;"C301,C318,C315";"C_0402_1005Metric";3;"100nF";;;
11;"J301";"USB_C_7082A";1;"USB_C_Receptacle_USB2.0";;;
12;"U209,U208,U210";"JLC_tooling_hole";3;"~";;;
13;"C13,C10,C14,C11,C12,C15,C303";"C_0805_2012Metric";7;"10µF";;;
14;"J302";"microSD_SMD";1;"Micro_SD_Card";;;
15;"R23";"R_0402_1005Metric";1;"470R(1%)";;;
16;"U2,U2,U2,U2,U2,U2";"UQFN-20-1EP_3x3mm_P0.4mm_EP1.7x1.7mm";6;"KTD2061xxUAC";;;
17;"EN";"SW_Push_SPST_NO_Alps_SKRK";1;"SW_Push";;;
18;"R21";"R_0402_1005Metric";1;"12K(1%)";;;
19;"C311,C311";"C_0402_1005Metric";2;"1µF";;;
