"Reference","Qty","Value","DNP","Exclude from BOM","Exclude from Board","Footprint","Datasheet"
"C1,C2","2","10uF","","","","Capacitor_Tantalum_SMD:CP_EIA-3216-18_Kemet-A_HandSolder","~"
"C3","1","22uF","","","","Capacitor_SMD:C_0805_2012Metric_Pad1.18x1.45mm_HandSolder","~"
"C4,C6,C8,C10,C11,C13","6","0.1uF","","","","Capacitor_SMD:C_0805_2012Metric_Pad1.18x1.45mm_HandSolder","~"
"C5","1","1uF","","","","Capacitor_SMD:C_0805_2012Metric_Pad1.18x1.45mm_HandSolder","~"
"C7,C12","2","4.7uF","","","","Capacitor_SMD:C_0805_2012Metric_Pad1.18x1.45mm_HandSolder","~"
"C9","1","470uF","","","","Capacitor_THT:CP_Radial_D8.0mm_P3.50mm","~"
"J1","1","Micro_SD_Card","","","","Connector_Card:microSD_HC_Molex_47219-2001","https://www.we-online.com/components/products/datasheet/693072010801.pdf"
"J2","1","USB_C_Receptacle_USB2.0_16P","","","","Connector_USB:USB_C_Receptacle_GCT_USB4105-xx-A_16P_TopMnt_Horizontal","https://www.usb.org/sites/default/files/documents/usb_type-c.zip"
"J3,J4","2","Conn_01x03","","","","Connector_Wire:SolderWire-1.5sqmm_1x03_P7.8mm_D1.7mm_OD3.9mm","~"
"J5","1","Conn_01x02","","","","Connector_Wire:SolderWire-1.5sqmm_1x02_P7.8mm_D1.7mm_OD3.9mm","~"
"J6","1","Conn_01x06","","","","Connector_Wire:SolderWire-1.5sqmm_1x06_P7.8mm_D1.7mm_OD3.9mm","~"
"R1","1","10K","","","","Resistor_SMD:R_0805_2012Metric_Pad1.20x1.40mm_HandSolder","~"
"R2,R10,R11,R12,R13,R14,R15","7","100","","","","Resistor_SMD:R_0805_2012Metric_Pad1.20x1.40mm_HandSolder","~"
"R3,R4","2","5.1K","","","","Resistor_SMD:R_0805_2012Metric_Pad1.20x1.40mm_HandSolder","~"
"R5","1","4.7K","","","","Resistor_SMD:R_0805_2012Metric_Pad1.20x1.40mm_HandSolder","~"
"R6","1","1K","","","","Resistor_SMD:R_0805_2012Metric_Pad1.20x1.40mm_HandSolder","~"
"R7","1","22.1K","","","","Resistor_SMD:R_0805_2012Metric_Pad1.20x1.40mm_HandSolder","~"
"R8","1","47.5K","","","","Resistor_SMD:R_0805_2012Metric_Pad1.20x1.40mm_HandSolder","~"
"R9","1","330","","","","Resistor_SMD:R_0805_2012Metric_Pad1.20x1.40mm_HandSolder","~"
"SW1,SW2","2","SW_Push","","","","Buttons:SWITCH_45SK43SMTR92LFS","~"
"U1","1","ESP32-WROOM-32E","","","","RF_Module:ESP32-WROOM-32E","https://www.espressif.com/sites/default/files/documentation/esp32-wroom-32e_esp32-wroom-32ue_datasheet_en.pdf"
"U2","1","AP1117-15","","","","Package_TO_SOT_SMD:SOT-223","http://www.diodes.com/datasheets/AP1117.pdf"
"U4","1","CP2102N-Axx-xQFN20","","","","Package_DFN_QFN:SiliconLabs_QFN-20-1EP_3x3mm_P0.5mm_EP1.8x1.8mm","https://www.silabs.com/documents/public/data-sheets/cp2102n-datasheet.pdf"
"U5","1","USBLC6-2P6","","","","Package_TO_SOT_SMD:SOT-666","https://www.st.com/resource/en/datasheet/usblc6-2.pdf"
